#,residue,SS,CA_C_N_angle,C_N_CA_angle,CA_N_length,CA_C_length,peptide_bond,psi_im1,omega,phi,CA_N_length,CA_C_length,N_CA_C_angle
0,M,C,116.642992978143,121.382215820277,1.46,1.52,1.33,140,180.0,-120,1.46,1.52,110.9416
1,S,C,119.5316385151076,122.22819118603189,1.4762136,1.534199,1.3375717,129.9386137595178,178.8826745646712,-62.61651648930694,1.4762136,1.534199,110.75015325193857
2,L,H,117.85481568030887,123.88959131315463,1.4683545,1.5408276,1.3369973,151.04163178772262,177.8141130864758,-51.84939971604543,1.4683545,1.5408276,111.83569463431189
3,E,H,117.38202810983918,123.58738923130792,1.469125,1.5380487,1.333956,-39.41185936195105,179.1462590379669,-71.0485608868394,1.469125,1.5380487,112.656891705447
4,Q,H,118.45224840962814,122.35149649521856,1.4698102,1.5315958,1.3375313,-35.33529014571594,174.2983455993037,-65.13835325994806,1.4698102,1.5315958,111.23248446522265
5,K,H,117.52776479959306,122.58322735247705,1.4675084,1.531979,1.3410887,-40.29056144303324,176.05123422890546,-62.770562098673906,1.4675084,1.531979,111.27693388422516
6,K,H,117.91148504818247,122.72142538233088,1.4741064,1.5303078,1.3395495,-45.17010668172989,175.00835266252085,-58.7103736750609,1.4741064,1.5303078,112.3909897405046
7,G,H,118.00918382680162,122.5698527083691,1.4661397,1.5321175,1.3357301,-43.945462649998454,175.7402616074731,-59.896552470863405,1.4661397,1.5321175,112.38086945810394
8,A,H,117.52658397866512,122.87791021141265,1.4631923,1.5404721,1.3363128,-45.48839627042363,176.0053452826984,-60.364061401958054,1.4631923,1.5404721,112.1676267693612
9,D,H,118.3810346575337,123.3334497146464,1.4686944,1.5400375,1.3375007,-44.504438330299884,178.43486712355246,-61.61137589201006,1.4686944,1.5400375,112.20876066756934
10,I,H,118.15323412996678,122.82180049041013,1.4703311,1.5276775,1.3391459,-38.14084188650332,176.0236617939642,-66.07858538034787,1.4703311,1.5276775,110.66962940626595
11,I,H,117.98525364975585,123.05588636707458,1.4692605,1.5330763,1.3349187,-44.81134958085019,176.87460163831446,-60.30818001986086,1.4692605,1.5330763,110.30988606857433
12,S,H,118.52764708428023,122.57002147809193,1.4667372,1.5310296,1.3357191,-44.91185899511592,175.45744815608137,-59.09437230274809,1.4667372,1.5310296,112.28318009909493
13,K,H,118.5735643035097,122.91225069189284,1.4737713,1.5303959,1.3398342,-40.60670715645015,175.28059038666103,-66.64198706977714,1.4737713,1.5303959,112.48898318959479
14,I,H,118.83319437782112,123.01095482373964,1.4731338,1.5307509,1.3361051,-39.4465183263839,174.51199178929713,-59.03950147758421,1.4731338,1.5307509,109.77526856427528
15,L,H,117.53852451252868,123.35343182518628,1.4649236,1.5365245,1.3353589,-49.03595587148014,178.22235196876431,-60.13495857665244,1.4649236,1.5365245,112.07396128629408
16,Q,H,118.68800247402211,122.72092979165734,1.4699188,1.5348727,1.3369232,-41.022832898429186,175.18017328460266,-61.40550583145542,1.4699188,1.5348727,112.28861532755622
17,I,H,118.07807682415974,122.19043046994686,1.467976,1.5317638,1.33748,-44.347985772545606,178.20611735949146,-66.23653502451518,1.467976,1.5317638,109.9893866894265
18,Q,H,118.81048870660595,123.80921594589562,1.4674437,1.5339615,1.3345294,-43.45938677470029,175.94491405266706,-58.510313001346475,1.4674437,1.5339615,111.76780094840917
19,N,H,118.17142891022485,123.51790328444777,1.4677846,1.5368489,1.3349642,-48.117182428506425,177.73653110847235,-62.68614027062581,1.4677846,1.5368489,112.94708000027757
20,S,C,117.87319115854889,123.22647070641382,1.4644245,1.5393664,1.3348879,-26.081335729480173,176.54698278409296,-79.6077542004825,1.4644245,1.5393664,113.96949818744491
21,I,C,118.96887485941764,124.2053300235279,1.4666586,1.5330939,1.3383117,-7.350119356344295,174.62412610492711,-86.69606052428747,1.4666586,1.5330939,107.92002834306153
22,G,C,116.24830916674117,124.25939292133948,1.4655819,1.5318344,1.3324901,100.63883602811887,175.2991912966678,-107.03900272327319,1.4655819,1.5318344,113.22922649795373
23,K,C,116.74704871429451,124.90271058066521,1.4818449,1.5370346,1.3423758,176.07991204103666,179.02108495315258,-58.57582764026476,1.4818449,1.5370346,114.06990135828244
24,T,C,117.90083535750072,125.40022345938556,1.4735149,1.533656,1.3337057,-24.751474156507065,-179.78508345711003,-91.69777683762581,1.4735149,1.533656,113.51870093334247
25,T,C,118.74791834411839,122.42403316581576,1.4706898,1.5249592,1.3385682,1.0394688613177197,-179.14659619960005,-68.01486557820576,1.4706898,1.5249592,109.63481357819641
26,S,C,117.49209892496397,122.07936520497718,1.4658095,1.5411811,1.3352165,121.70354813709058,178.58388578145153,-62.02611688999526,1.4658095,1.5411811,111.4849214716166
27,P,H,119.28863473073106,122.31775948397558,1.4652922,1.5380322,1.3466028,154.15136656240836,179.15830187358785,-57.487050015860916,1.4652922,1.5380322,113.90425284931862
28,S,H,117.99507948993121,122.9272105411012,1.4674218,1.5305994,1.3391426,-36.64399947502978,178.00196015783285,-69.24345139581992,1.4674218,1.5305994,111.7481318073631
29,T,H,118.2895927412311,123.18946599077435,1.4689023,1.5264248,1.3373345,-45.288883656358,176.28062229954816,-64.75263012344777,1.4689023,1.5264248,111.49303132713872
30,L,H,117.91131356220863,123.6287842094621,1.4600534,1.5343428,1.3362141,-40.12367771027095,175.5929454201425,-58.75990068344003,1.4600534,1.5343428,110.94245681414746
31,K,H,117.94032773926871,123.44413494820377,1.4718422,1.5325066,1.3403642,-49.24131187755069,177.35806825400238,-57.13233840456233,1.4718422,1.5325066,112.16288495490505
32,T,H,117.76085547125233,122.99481668751014,1.4695523,1.5283813,1.3332242,-42.79290999488525,177.53950871068955,-64.10888844935725,1.4695523,1.5283813,111.67616997298063
33,K,H,118.4335760115017,123.18129876319668,1.4736735,1.5295359,1.3407884,-48.19203084573753,178.80800966650716,-62.10290042690842,1.4736735,1.5295359,112.38687292895122
34,L,H,118.21986335154034,122.93238436686367,1.4689085,1.5348703,1.3341173,-42.22601841476667,175.604632518531,-63.15034872024351,1.4689085,1.5348703,111.97034019591135
35,S,H,117.76923395205085,122.34398024920193,1.4677737,1.5320442,1.3355516,-39.621320164956025,175.01439162785735,-64.52403573266197,1.4677737,1.5320442,111.80296922186466
36,E,H,118.1007189411714,122.77895679968292,1.4643531,1.5346892,1.336507,-38.27965573286131,175.64701814118774,-67.45467992355317,1.4643531,1.5346892,112.21011939973218
37,I,H,118.01841377820834,123.58602222083415,1.4693397,1.5284202,1.3384985,-44.535071862563996,173.5633175501229,-55.80491208664899,1.4693397,1.5284202,109.77449217330829
38,S,H,118.11475956687664,122.97646586425454,1.4666424,1.5375729,1.3353012,-50.2774930920697,-179.93806908218082,-58.1284207746364,1.4666424,1.5375729,112.62108556669924
39,R,H,118.38628186042591,122.6309474128456,1.4778254,1.529048,1.3432106,-40.929956152206714,174.4485746185926,-62.73798985171609,1.4778254,1.529048,111.98769156584717
40,K,H,117.73843780655781,123.27041399577652,1.4701126,1.5285461,1.335701,-44.411920604888564,178.46305197552115,-67.73527686576413,1.4701126,1.5285461,112.12011957380207
41,E,H,118.76046099746024,123.60136652411427,1.4666591,1.5304903,1.3268797,-37.63859703875513,174.19100682020166,-62.383573450804334,1.4666591,1.5304903,111.13833384560766
42,Q,H,117.65126786670535,122.46092692732523,1.4619392,1.5382063,1.3376294,-43.29343427741018,173.8951422909608,-62.040337731990846,1.4619392,1.5382063,111.89781874221691
43,E,H,118.1013018126399,123.38829628797397,1.4663115,1.5375683,1.3334874,-40.519577433914634,175.30332993017518,-63.07812502364131,1.4663115,1.5375683,111.61903225600909
44,N,H,118.11600485370946,123.42990657485227,1.4617858,1.5396664,1.3358651,-46.240162599688155,176.0032905377242,-60.257775061306134,1.4617858,1.5396664,111.62978354253511
45,A,H,118.35027601101253,122.97149103319222,1.462431,1.5425726,1.337693,-42.97656064484379,176.3904412088842,-58.83289802843552,1.462431,1.5425726,112.3454378029628
46,R,H,118.23938994054392,122.9681117907103,1.4758958,1.5287277,1.3417057,-39.75927782338004,174.79012097998267,-64.60662490064267,1.4758958,1.5287277,112.2248671550509
47,I,H,118.23665861961804,122.74421241743944,1.4720411,1.5309188,1.3345097,-41.191593851733394,176.52728440723791,-63.98874372280184,1.4720411,1.5309188,110.880294315434
48,Q,H,118.44347906269705,122.74495622472263,1.4671125,1.5339398,1.3357327,-43.6643281718785,176.93347196652223,-62.3425736670273,1.4671125,1.5339398,111.99467081679096
49,S,H,118.19355142157939,122.52800671462279,1.4708405,1.5301383,1.338726,-42.367349760530175,172.7638391103499,-57.82832215782598,1.4708405,1.5301383,111.38016375637623
50,K,H,117.71768745123707,123.1385013287488,1.4681468,1.5313555,1.3398436,-47.73293817845522,179.0221941487123,-62.425627213404745,1.4681468,1.5313555,112.33688996947447
51,L,H,118.12838677110865,123.37109373785465,1.4630818,1.5297104,1.3337992,-39.97277643743625,175.1382880850191,-62.84816469940507,1.4630818,1.5297104,111.57146310077698
52,S,H,117.82655167368576,122.98714288506049,1.4654031,1.5328361,1.3352196,-43.2989692323643,175.69176592342595,-60.139840417820594,1.4654031,1.5328361,111.56379933471109
53,D,H,118.11761102670282,122.54179393949188,1.4670908,1.5333921,1.3334187,-44.3705888057247,178.75434804937032,-66.51147816529372,1.4670908,1.5333921,112.50696576394685
54,L,H,118.04440192615827,122.63836908379656,1.4652804,1.5323366,1.3370651,-39.83740481938907,174.05103386607158,-64.51487348604385,1.4652804,1.5323366,112.00024467599314
55,Q,H,118.2563002867632,122.87091209195593,1.4635676,1.5299585,1.3355943,-38.71754999884992,175.2784022365306,-63.81881938377447,1.4635676,1.5299585,111.68818025593536
56,K,H,118.67537508902551,123.06223756068547,1.4746345,1.5297409,1.3407191,-44.419361827504176,174.23485648617464,-57.8192531057322,1.4746345,1.5297409,111.3908114892465
57,K,H,117.6269167942636,122.85474659507382,1.4741839,1.5272361,1.340339,-49.30425257402885,176.69776652038018,-58.44867393298873,1.4741839,1.5272361,112.93659562495084
58,K,H,118.08789191370211,122.56311113554557,1.467891,1.529695,1.3366807,-40.84626844740013,176.41112547176675,-62.34773952451687,1.467891,1.529695,111.10813337035876
59,I,H,117.90827605720561,123.31419020324982,1.4690351,1.5357233,1.3325982,-45.34622372131353,177.09293558762363,-60.58310943310188,1.4690351,1.5357233,110.63005118606499
60,D,H,118.39164263636934,122.95528436894328,1.4685742,1.5369492,1.3335372,-44.40987605907901,178.42262140037803,-61.98143120216294,1.4685742,1.5369492,112.13574995848285
61,I,H,117.22236305167102,123.59025026333427,1.469372,1.531464,1.3386027,-43.65958299289561,175.55979918885402,-63.85881738986608,1.469372,1.531464,110.7314086609999
62,D,H,118.56702035722311,123.57219626436432,1.467033,1.5447987,1.3348143,-46.40456716558419,179.909569592922,-61.86510505750031,1.467033,1.5447987,110.79104989230406
63,N,H,118.25714328811449,123.9027596443692,1.4664893,1.5351138,1.3384849,-40.371317394773776,174.80438098379912,-65.2221314051782,1.4664893,1.5351138,112.46318724633254
64,K,H,117.90571863685604,122.72863253907306,1.4683797,1.5291964,1.3389527,-42.21908450332737,175.90460628504246,-64.21188936841283,1.4683797,1.5291964,111.21307447039527
65,L,H,117.32344639656831,124.16206240934876,1.4599955,1.53263,1.3318208,-45.259106515603264,176.4765571938103,-60.539718488405384,1.4599955,1.53263,111.44716210823532
66,L,H,118.0479626012782,122.75841036230494,1.4606572,1.5344603,1.3359349,-42.60200624735994,175.92753558006746,-60.46701812847351,1.4606572,1.5344603,111.3668864632895
67,K,H,117.70184811985372,123.41258944424857,1.4686756,1.5319116,1.3366499,-44.419343414178925,177.03716500691013,-63.19972746419865,1.4686756,1.5319116,112.13772500470887
68,E,H,118.20477197306194,123.26404816678095,1.470483,1.5327122,1.3315164,-43.49055578085889,176.3567087498499,-63.35018258167332,1.470483,1.5327122,111.73054595693706
69,K,H,118.56117251412303,123.10298755642886,1.4739987,1.5281963,1.3400263,-44.79016227695662,175.11336319329445,-59.74866080574146,1.4739987,1.5281963,112.47999029107908
70,Q,H,118.11906355584561,122.37672827354302,1.4657938,1.5325861,1.333621,-41.93375784520468,176.60017179108925,-64.9483894434269,1.4657938,1.5325861,112.42968589277247
71,N,H,118.0537631655146,122.51028907053522,1.4611933,1.5328027,1.3335776,-38.857963353088735,176.18894590329035,-67.12595570112954,1.4611933,1.5328027,111.38054337255957
72,L,H,117.80935895849626,123.66734620144584,1.4643109,1.5336744,1.33581,-44.19344676500368,176.07758479519066,-56.73522544950199,1.4643109,1.5336744,111.47515612142453
73,I,H,118.05315142806742,122.44995262862933,1.4723837,1.5389867,1.3375411,-48.92741978230786,178.13525451470875,-58.786268819257856,1.4723837,1.5389867,111.37479649667937
74,K,H,118.47792781817466,122.20320308975158,1.473421,1.5285143,1.3401016,-40.94672485439922,177.8877148570628,-65.2848024959631,1.473421,1.5285143,111.99611478784182
75,E,H,117.38808164356693,124.05958516615516,1.4619137,1.5339521,1.3282498,-40.739843262926165,178.23462855232705,-66.21543796023414,1.4619137,1.5339521,111.36594725295312
76,E,H,117.96269716755823,123.5276803672422,1.4679135,1.5355648,1.3363321,-46.28944073217091,174.68528459182528,-59.316635870127286,1.4679135,1.5355648,112.2866030523161
77,I,H,118.66945040674278,122.39499761118113,1.47361,1.5327872,1.3390068,-42.49492158261761,176.75292751636715,-62.82968028831168,1.47361,1.5327872,110.78708618385734
78,L,H,118.14889704905558,122.7526547195771,1.4618843,1.5329328,1.3354938,-41.411632376408235,178.12012533519277,-64.71279384318193,1.4618843,1.5329328,111.21510605245521
79,E,H,117.45520339884777,123.90185184944272,1.459307,1.5344998,1.3286577,-43.03116668853964,178.78951418071884,-66.12074461648122,1.459307,1.5344998,111.75803269222014
80,R,H,117.81260547661682,123.49205716638896,1.4728626,1.5261371,1.3398135,-43.78529193940161,173.57260483040565,-57.91044805440305,1.4728626,1.5261371,112.30479802669836
81,K,H,118.49415640296962,122.65089853777533,1.4743929,1.5288426,1.3384411,-43.57237584649147,176.3533134319511,-62.91500422781224,1.4743929,1.5288426,112.41010198285011
82,K,H,118.60582787523488,122.63918183386042,1.4752574,1.5273416,1.3388985,-40.46769513696685,175.71052163453754,-62.82674222508214,1.4752574,1.5273416,111.27159737400088
83,L,H,117.00170319725257,122.91397991702294,1.4589869,1.5343232,1.3332486,-43.80598508425995,178.8881315077603,-64.7409328961561,1.4589869,1.5343232,111.2845350875722
84,E,H,118.23823248601914,123.51627116360416,1.4684771,1.5391206,1.3351328,-42.11409170557822,176.67587402372197,-62.22318442681692,1.4684771,1.5391206,112.79240769823575
85,V,H,118.10567184198996,122.37329335038406,1.4724882,1.5318292,1.3375701,-39.23488934158266,175.48852849343922,-65.59841615910959,1.4724882,1.5318292,110.93084948581418
86,L,H,117.95850296621903,123.05287952451101,1.4622785,1.5329196,1.3365501,-41.574083302447576,178.65480433241075,-66.0101301707181,1.4622785,1.5329196,111.82120955768751
87,T,H,118.1197371860677,122.83635098839643,1.4695804,1.5251962,1.3336136,-45.642514925933554,179.65793030241593,-66.05845542081417,1.4695804,1.5251962,111.75912949122365
88,K,H,118.88398674570888,122.7340921387923,1.4757361,1.5270649,1.3409424,-41.30122971372682,173.63847982492928,-60.89789633740639,1.4757361,1.5270649,112.47099302329738
89,K,H,118.02255173666852,122.6346853410212,1.4673467,1.532448,1.337492,-37.38411362771968,174.4447049678742,-65.58890068407163,1.4673467,1.532448,111.02662982376091
90,Q,H,118.01753716167512,123.44165069775613,1.4683845,1.533344,1.3337475,-50.26655072188373,178.62252857495668,-58.13566809517328,1.4683845,1.533344,112.20876555476323
91,Q,H,118.05663313261789,122.67833171133044,1.4662486,1.5321862,1.3371737,-45.87195489750768,176.60566782906088,-60.20017911205753,1.4662486,1.5321862,112.39659812527815
92,K,H,118.14734848784198,122.31469065184206,1.4653618,1.5318496,1.3379856,-39.25300489821235,176.79915865891618,-65.1661125890053,1.4653618,1.5318496,111.37480807814957
93,D,H,117.3323327519742,123.97492952497785,1.4670038,1.5451813,1.3319032,-46.9609327385396,179.4923452457003,-62.44933419780444,1.4670038,1.5451813,110.741294484181
94,E,H,117.63501855852269,124.13413193175903,1.4643685,1.5347621,1.335464,-38.58585216793793,176.8194990713648,-68.20057950663562,1.4643685,1.5347621,112.58662305318279
95,I,H,118.55684768996453,122.60337981185634,1.4722507,1.5351977,1.3372804,-43.77571345513354,174.31152755852293,-60.46934403735435,1.4722507,1.5351977,111.00977022185226
96,E,H,118.17953941120825,122.96508626752522,1.4640716,1.5342162,1.3333459,-39.58929783896276,177.1603170755911,-66.25039854518727,1.4640716,1.5342162,111.64944519018698
97,H,H,117.48319425964382,123.46253382865339,1.4596823,1.5378634,1.3355237,-42.44207974571554,174.23405436167266,-61.0534391512649,1.4596823,1.5378634,112.15573006011991
98,Q,H,118.00637247202506,123.7219226779077,1.4662924,1.5345706,1.3350906,-47.219242407683744,177.51833734149824,-62.136968736778165,1.4662924,1.5345706,112.27345705818631
99,K,H,118.27213591536731,122.36703902058477,1.4732071,1.5268832,1.340345,-40.69016225718119,173.8056476092614,-62.05849857623585,1.4732071,1.5268832,112.25823863943728
100,K,H,118.349250844096,123.08794225695173,1.4680825,1.529833,1.3365606,-37.79579999003152,176.21918466685733,-65.8711461171373,1.4680825,1.529833,111.05738319152461
101,L,H,117.8950855848206,123.55325824369935,1.4677196,1.5282477,1.334374,-49.14278021703427,177.04827975235202,-57.40027773682406,1.4677196,1.5282477,111.66488762374378
102,K,H,117.61760035996323,121.92786362187108,1.4647204,1.5310628,1.3373053,-45.032864388505274,177.63018616415116,-59.42807228542527,1.4647204,1.5310628,112.15519451811866
103,R,H,118.49277305870112,122.57217022639529,1.4752544,1.5265294,1.3382422,-43.74523423275214,177.043082562993,-62.353398659586375,1.4752544,1.5265294,112.40265930262657
104,E,H,117.48837840375353,123.28990139862381,1.4637436,1.5332758,1.3274524,-38.55565409845176,176.82164658617575,-66.9102174034644,1.4637436,1.5332758,111.29078093856502
105,I,H,117.6994444734104,123.59965688661396,1.4694085,1.5307674,1.3377473,-44.295031665614324,172.44954800992997,-59.4287492706962,1.4694085,1.5307674,110.96019043247892
106,D,H,118.83480627834277,123.18928568931901,1.4661126,1.544064,1.3350582,-45.6694323441864,179.44212702401322,-63.650354974051055,1.4661126,1.544064,111.20655144514139
107,A,H,118.55795725494674,123.87954129656423,1.4652174,1.5393015,1.339393,-37.75187940441336,175.2282225334532,-68.08269388889566,1.4652174,1.5393015,112.633082251849
108,I,H,117.55963220702245,123.35136138807121,1.4676199,1.5265522,1.3371218,-42.4292625978438,173.38217016692505,-63.01729298073324,1.4676199,1.5265522,109.52350098186497
109,K,H,118.83321823186523,123.62446631430012,1.4643633,1.5266385,1.3348601,-46.21910100604625,179.21014856370502,-59.89488990206794,1.4643633,1.5266385,111.45682249691168
110,A,H,118.50305007619357,122.90783888325788,1.4635859,1.5401989,1.3346211,-45.71945935575528,175.93374868092369,-60.682276208918864,1.4635859,1.5401989,112.49429786002992
111,S,H,117.76747121676172,123.54839084757103,1.4700892,1.5377955,1.337452,-34.93369956806569,177.31046703988414,-77.01934497304441,1.4700892,1.5377955,112.6160627501224
112,T,H,117.80953690917819,124.91491089980339,1.4714489,1.52895,1.3351053,-35.64065818227603,-174.91976625348198,-87.87889360472643,1.4714489,1.52895,112.99167341093887
113,Q,H,119.56042127775139,123.24487776797754,1.4692856,1.5388571,1.3385792,-19.148591166191498,-178.96248972507667,-56.52692837098327,1.4692856,1.5388571,112.64428530747827
114,Y,H,118.40869205629022,122.09117829050979,1.4645509,1.5416253,1.3377142,-28.544419336269495,173.81512745778306,-70.27853132355322,1.4645509,1.5416253,113.67956986753283
115,I,H,118.75690546517377,123.22053561027076,1.4715612,1.5298202,1.3369346,-30.56295661068185,178.0617084631904,-79.68379724484899,1.4715612,1.5298202,110.04502679745471
116,T,H,118.70856125304117,122.20458083589936,1.4699615,1.5302956,1.3364602,-41.112211685816625,-174.9904058250297,-66.21588745673489,1.4699615,1.5302956,112.6309298372796
117,D,H,119.25968853047253,121.82838704955068,1.4725262,1.5377533,1.3388239,-40.62000858732151,178.25550668914877,-69.57903497301176,1.4725262,1.5377533,111.81466467851038
118,V,H,118.12975834253128,122.3665388726234,1.4703068,1.5264413,1.3397486,-33.02584112677983,171.36274883440666,-68.46406771949326,1.4703068,1.5264413,110.42754753392909
119,S,H,119.52095795715341,122.90778617296125,1.4670439,1.5288382,1.3346982,-46.23534236326665,-178.048021816407,-69.93810506008418,1.4670439,1.5288382,113.55713589509811
120,I,H,120.64160695165813,122.36956415090559,1.4756265,1.534717,1.337774,-37.22093598496402,176.6600900786178,-72.01820750115895,1.4756265,1.534717,110.85947715155164
121,S,H,119.05334720715638,121.32758112316631,1.4722975,1.5310383,1.3394368,-41.649256390959124,177.80047386087224,-68.39859425265115,1.4722975,1.5310383,112.48774888986709
122,S,H,118.80342962585438,122.31684343184438,1.4703432,1.5316292,1.3382031,-36.3210034922339,171.79136212392248,-73.24652634529971,1.4703432,1.5316292,113.15141960171091
123,Y,H,119.5766249430535,121.28258116197826,1.464368,1.5303618,1.3394645,-29.867448222137416,170.37804002185538,-65.55790670170451,1.464368,1.5303618,111.22246211195144
124,N,H,118.52166270865986,121.6532012963606,1.4636674,1.5399479,1.3355514,-42.394387173074506,177.49952402991755,-71.4812616041463,1.4636674,1.5399479,112.93466570964172
125,N,H,119.62813486704377,122.6614011886146,1.4722381,1.540901,1.3390979,-34.99012220385802,-179.48749959642484,-81.50694065556435,1.4722381,1.540901,114.86711175778395
126,T,C,119.63202521447107,122.78147500864446,1.4766831,1.5219628,1.3364697,-2.7086277588664367,176.19807352877243,-108.31436211005732,1.4766831,1.5219628,113.4916852662844
127,I,C,119.01377478762586,121.98678360982441,1.4625679,1.5319678,1.337292,0.7116817104677864,168.37199225863088,-75.7024119400688,1.4625679,1.5319678,105.67032088175121
128,P,C,119.89135844692936,120.92765255649594,1.4535626,1.530163,1.3443574,111.92461166875992,172.75258122725947,-55.10269586325813,1.4535626,1.530163,107.89333643366396
129,E,C,118.17782220966058,124.9866224512148,1.4764907,1.5458915,1.3345586,136.76420446517807,171.24827048940818,-65.19976415401784,1.4764907,1.5458915,112.34181164501628
130,T,C,118.16753483731519,122.96205765725776,1.4516608,1.5190295,1.3305619,29.550446571007402,168.05477698543734,-75.45285284054695,1.4516608,1.5190295,107.5995176965697
131,E,C,116.01562951397031,123.3200647983398,1.4620264,1.5430231,1.3311027,122.87633163479842,165.14872065234263,-45.359516550857855,1.4620264,1.5430231,109.11011201903908
132,P,C,119.23043335831409,122.02935383909086,1.4573427,1.5314482,1.3460245,128.42967474345804,178.6471209698219,-57.98498231569939,1.4573427,1.5314482,110.00173405500742
133,E,C,116.18276227574671,124.46775918317263,1.4665341,1.5370431,1.3321717,130.7726990685274,-175.43542865721358,-62.97918174367663,1.4665341,1.5370431,112.56414764948043
134,Y,E,117.17391035894114,124.33412610943854,1.4602724,1.5316254,1.3341248,-33.839240005307765,-176.51805148047723,-117.67519072214965,1.4602724,1.5316254,112.1204234850143
135,D,E,116.76755389181525,121.8026440266217,1.4597993,1.533961,1.3271234,154.04403889724784,173.8604262389531,-80.17274762565305,1.4597993,1.533961,110.69069589700958
136,L,E,117.54301467986936,124.10139140682337,1.4622067,1.52908,1.3373053,-38.053472093923546,-177.533972804335,-140.08459029489256,1.4622067,1.52908,111.84228997476212
137,F,E,117.28065502034899,121.41865345614708,1.4655904,1.5337477,1.33453,134.26094175698728,159.0368780765219,-101.61571193337613,1.4655904,1.5337477,112.04112862940296
138,I,E,117.36158134253228,123.77232214212994,1.4739801,1.5278286,1.3371862,147.43240446607655,177.24958104390723,-116.20940038607597,1.4739801,1.5278286,110.39129944955425
139,S,E,116.25555722592328,123.31970102257331,1.4610447,1.5201534,1.3296906,104.19277160131864,172.01468005106517,-82.75655579379186,1.4610447,1.5201534,110.9446413209167
140,H,E,117.09013877414117,122.58183651995213,1.4629402,1.531056,1.330429,127.66040718259292,-173.68680899646222,-154.2497689571136,1.4629402,1.531056,111.9173559571021
141,A,E,117.06978582378296,121.60690840396727,1.4565414,1.5352991,1.3323537,161.17059450000255,166.71883137922336,-74.48674363798999,1.4565414,1.5352991,109.66207324870159
142,S,H,118.06932009012091,123.72909406603105,1.477181,1.5260485,1.3360306,145.19464172899552,176.69524614585242,-49.82791257724828,1.477181,1.5260485,113.86257737062468
143,E,H,115.57009574393982,127.04946322048198,1.4508413,1.5399741,1.3258235,-33.25336018222744,-177.58724862524295,-65.70592861159999,1.4508413,1.5399741,112.45608331040306
144,D,H,118.40937044654045,124.72213850008882,1.476161,1.5426039,1.3403041,-29.411384886169923,-178.91797680624433,-92.09167170552227,1.476161,1.5426039,113.23241141438542
145,K,H,117.1496089953626,122.54574966037538,1.4644029,1.5252967,1.3400208,2.217117348819464,-167.8947449498679,-66.7940390817579,1.4644029,1.5252967,112.3230770925852
146,E,H,116.70440211913808,122.74878030500798,1.4665134,1.5297878,1.3281652,-52.43650460732475,-170.2471507799891,-82.3490816682849,1.4665134,1.5297878,112.81165970300856
147,D,H,117.92840213295551,123.66281869756655,1.4622265,1.5327506,1.3309013,-34.133023456219895,-173.25515607389798,-88.54854974776254,1.4622265,1.5327506,113.512381129853
148,F,H,118.38367078520712,122.5439413447792,1.4608471,1.5299441,1.3361778,-24.49801175091333,-177.52467487409461,-131.14920043015067,1.4608471,1.5299441,113.93560094920353
149,V,H,118.63873519625987,121.89704385689296,1.4739541,1.5232888,1.3342379,-52.89269180090177,-169.1745167805788,-69.33295215377828,1.4739541,1.5232888,112.5692865229957
150,R,H,118.56324884251902,123.07796968619773,1.4683901,1.535544,1.3365542,-44.57352924523269,177.05692516239577,-61.62295229909312,1.4683901,1.535544,111.10252071191603
151,P,H,120.98720452779702,121.81951607301502,1.4619575,1.5349327,1.3515615,-51.65989433238561,172.7928056397374,-53.60896861743461,1.4619575,1.5349327,113.3639621240961
152,L,H,118.42039140907919,122.8183459350714,1.4662288,1.5362625,1.3398066,-46.189781489754594,178.08813480096185,-60.87783362951549,1.4662288,1.5362625,112.09138270160582
153,A,H,117.74288260447922,123.50115968372087,1.4579138,1.5347621,1.3342247,-46.13498946466711,178.6610745343411,-62.59242306414152,1.4579138,1.5347621,111.61229253407804
154,E,H,118.14507697022479,123.5649041188843,1.4651154,1.5355823,1.3329896,-43.01946881792945,176.94773439783236,-64.20495282451928,1.4651154,1.5355823,111.64420895241395
155,T,H,118.78618523854462,122.54422162059406,1.4730897,1.5309211,1.3390687,-42.52808827721667,174.99117820505447,-63.44827636251545,1.4730897,1.5309211,111.62256195962533
156,L,H,118.54571761017691,123.1915414495966,1.4678282,1.5350119,1.3339924,-42.844045098773314,175.88283089607103,-63.191693177712914,1.4678282,1.5350119,112.51326011180674
157,Q,H,117.72669390754979,123.11861842723867,1.464357,1.5341703,1.3328067,-41.181848884176,175.071723332437,-62.82991761300576,1.464357,1.5341703,111.70543478047145
158,Q,H,118.59468580580393,122.90740741662756,1.4698122,1.538194,1.3383241,-38.566177791462835,173.2174531860697,-63.57838521895524,1.4698122,1.538194,112.66862512312913
159,L,C,118.0967606648434,124.31924016857113,1.4700804,1.543183,1.3372992,-30.405661197765703,172.75461022145797,-78.67764195242734,1.4700804,1.543183,113.28323136003814
160,G,C,118.01846118525569,124.91703070727323,1.4625486,1.5289023,1.336764,-3.687233372039923,177.45456545782255,90.3553421735638,1.4625486,1.5289023,114.78131959445624
161,V,C,118.70602697553223,123.78812970597993,1.4711419,1.5300958,1.3353677,16.97157035401852,174.72416257571396,-86.84021345661098,1.4711419,1.5300958,109.5510395293073
162,N,C,118.39375973440382,121.45499841271518,1.4619563,1.5403646,1.3359793,127.83167088457918,172.77275558231744,-79.1993887925203,1.4619563,1.5403646,110.48757550733389
163,V,E,117.1717603027322,124.36383956881113,1.4745326,1.5251193,1.3371716,107.13899613224001,-171.48281600320757,-110.1723851424138,1.4745326,1.5251193,112.29823199295018
164,W,E,116.48903633841846,124.53121177722964,1.4623598,1.5351089,1.3338678,136.32167375707363,171.99539479951162,-122.80035097284932,1.4623598,1.5351089,111.84362380053136
165,Y,C,118.40084822244805,121.67028263260272,1.4726192,1.5318514,1.3341655,122.1872478397154,-175.89887093588857,-136.19201404494046,1.4726192,1.5318514,114.43940468919581
166,D,H,119.77490309398814,122.93376527903386,1.4721584,1.542294,1.3364841,-31.380692015894468,-171.48120120256928,-57.045543830197175,1.4721584,1.542294,114.8994809122981
167,E,H,119.05900640329673,123.359459185778,1.476765,1.5458844,1.3380278,-40.40421272770478,179.14217265290398,-81.85863536829271,1.476765,1.5458844,113.77705546465852
168,F,H,116.94000899245054,125.58685940066871,1.4683512,1.5255163,1.336973,-10.733950408414346,178.60999188174145,-94.41692637392163,1.4683512,1.5255163,113.37986640437506
169,T,E,116.75047991316862,122.31844125311741,1.4557366,1.5331153,1.330312,14.643947240764643,162.41330352855167,-64.39153730686216,1.4557366,1.5331153,109.79626849371904
170,L,E,116.11214577866735,124.8804257230068,1.4599421,1.5278375,1.3325008,116.39593263603533,-179.31579303815494,-85.20246721738428,1.4599421,1.5278375,111.87123552743618
171,K,C,115.76179624590614,125.00144224600584,1.4655991,1.5255272,1.3321275,135.70731699360238,176.24439149846773,-117.370864066763,1.4655991,1.5255272,110.67963516668483
172,V,C,116.0351244118901,122.21730402368809,1.4701271,1.5298902,1.3320239,157.67268769743964,173.90164174941893,-58.84077433711376,1.4701271,1.5298902,109.06936920346494
173,G,C,116.46126539332566,124.06043307949552,1.4640445,1.530946,1.3329645,130.89318549291156,-177.41093776316072,89.01443081155122,1.4640445,1.530946,114.97084906701441
174,D,C,119.24795929750968,121.10488083722277,1.4645991,1.5384362,1.3375701,-5.5785510471108815,165.22840552578913,-62.567260236312194,1.4645991,1.5384362,109.46455448391659
175,S,C,117.91162828408808,121.27268226644739,1.465392,1.5214024,1.3345242,154.84611619475206,163.28362027512054,-94.17397949422413,1.465392,1.5214024,109.12651282115863
176,L,H,116.55840118902931,122.71655129244346,1.4624962,1.5283525,1.3354383,120.28606600956496,178.3928187529188,-58.173366431829756,1.4624962,1.5283525,110.17820251668152
177,R,H,117.59520386100709,122.70804777230765,1.4699304,1.5208337,1.3373474,-42.61733127314326,178.133273671812,-58.509647285902545,1.4699304,1.5208337,112.33699886444161
178,Q,H,117.98521296048585,122.15976916463778,1.4657321,1.5330002,1.3323623,-50.33961753492557,-178.9854164651879,-62.91500412894828,1.4657321,1.5330002,112.07669226909182
179,K,H,117.46342100317952,123.47406627108153,1.4678338,1.5242398,1.3382691,-38.16687483755063,174.65313914261333,-63.20662705511831,1.4678338,1.5242398,111.29765864477766
180,I,H,118.08898182936592,123.17612958236262,1.4690202,1.5283412,1.33064,-50.24093209231901,176.78780095998908,-60.01237455537027,1.4690202,1.5283412,111.33365747765588
181,D,H,118.01977008170992,123.22746038307965,1.460542,1.5295929,1.3300717,-42.379112704635574,175.4189798844978,-60.103487772958395,1.460542,1.5295929,112.19114914950953
182,S,H,118.216682809076,122.11924884299602,1.4620577,1.5254892,1.3340966,-40.65228033075924,175.2658332555333,-67.26765129114399,1.4620577,1.5254892,112.94792565615481
183,G,H,117.9246861967141,122.99429334221591,1.4636862,1.5191919,1.3330972,-40.97314708708196,175.89908735538705,-62.37789861962354,1.4636862,1.5191919,111.63228691747315
184,L,H,117.19806804704018,123.12676881327914,1.460464,1.5336281,1.3302339,-46.45174584404764,178.65258184770263,-68.88359903518298,1.460464,1.5336281,114.14760386978388
185,R,H,119.92764769453528,121.94994785429041,1.4739686,1.5263828,1.3385466,-18.186891668625496,170.14370706769338,-74.14908120625812,1.4739686,1.5263828,111.93020731750413
186,N,H,117.48648746918815,123.52244619450161,1.464265,1.5348358,1.32845,-37.62846890633344,-173.14566018759305,-100.80369151936654,1.464265,1.5348358,113.0443102823317
187,S,E,118.33313744429863,123.36215980701361,1.4605626,1.5264865,1.3341204,-6.216892540843279,-177.9199304343408,-139.04964573020155,1.4605626,1.5264865,113.11375640563848
188,K,E,116.26788479968083,124.04960344777976,1.4780608,1.5288049,1.3385118,151.1120861458479,177.82058005049214,-69.70143862875702,1.4780608,1.5288049,111.76593429534238
189,Y,E,116.00023042386411,125.21507798451759,1.4563122,1.5260558,1.3281302,-46.2542598853461,179.73750466694136,-120.32578718413555,1.4563122,1.5260558,110.35993382367704
190,G,E,115.78709261939179,122.81942861966044,1.4541258,1.5121796,1.3274375,158.95730249242996,168.44779162994504,-129.07589361745698,1.4541258,1.5121796,110.97784145583016
191,T,E,116.92527184938571,122.2971635026305,1.4597348,1.5188848,1.3222502,148.93068781579396,164.8553197775673,-126.21792891094805,1.4597348,1.5188848,110.0362801155018
192,V,E,115.67108017444366,123.74296015689072,1.4619218,1.5167814,1.3303323,146.80830351711168,178.8154889170994,-121.83236362311675,1.4619218,1.5167814,108.29994178430285
193,V,E,116.00600782931126,124.05960469067563,1.461083,1.5224015,1.3299268,120.32854084168835,174.4688733839483,-81.49195300695388,1.461083,1.5224015,108.50894443161206
194,L,E,115.09824990671093,125.43652476141455,1.4525329,1.5243403,1.327575,101.96285650639612,174.76964432166878,-83.92597610224885,1.4525329,1.5243403,108.19296898219696
195,S,E,115.40803123283771,124.24581946895222,1.4548687,1.521739,1.324677,92.10099418784267,174.09168047403904,-108.18565820666059,1.4548687,1.521739,112.1008033698805
196,T,H,115.45924883260861,122.11213382617879,1.4633979,1.5383424,1.330103,170.57057486509868,170.1559616491449,-54.661365978803936,1.4633979,1.5383424,111.26321694847142
197,D,H,118.84610219877453,122.73399208263346,1.4681776,1.5303445,1.3363059,-41.84274006280804,-179.15801416599493,-79.07258697147813,1.4681776,1.5303445,113.03990273396619
198,F,H,118.59888716722462,122.74223803398307,1.4610435,1.5273923,1.3352603,-24.417686545275526,167.18451910136545,-62.784725638908725,1.4610435,1.5273923,110.7761609778473
199,I,H,117.85137168272998,122.71031048933058,1.4666175,1.5365306,1.334207,-51.656180791347325,-174.18006016530373,-68.97148774307026,1.4666175,1.5365306,111.8352949325025
200,K,C,118.19225236107181,123.75694695764878,1.4759241,1.5316876,1.3394182,-35.36253190650864,175.03764338216158,-60.67877021037617,1.4759241,1.5316876,114.94236038449574
201,K,C,119.79918769851024,122.73469142278864,1.4766754,1.5417076,1.3404388,-12.956875945402778,175.20921232811853,-73.57905213713167,1.4766754,1.5417076,113.14807181740191
202,D,C,117.74909689362956,127.26377891675237,1.4731444,1.5356427,1.339484,6.745261646359878,168.88039938474833,59.827183026340705,1.4731444,1.5356427,113.2180429553639
203,W,C,115.11530055992482,122.74122301270975,1.4576843,1.5204905,1.3355998,46.80676908043784,173.98296119702331,-62.63288872100594,1.4576843,1.5204905,110.46881984058861
204,T,C,116.39451180610753,119.86644000127475,1.4623623,1.5324475,1.3286065,141.22141584198963,172.59735281289255,-65.55363803014237,1.4623623,1.5324475,110.2963943397869
205,N,H,118.02414301337177,122.21607242106124,1.4735718,1.5404247,1.3385099,145.10562324268938,176.30792865540707,-52.7297416291997,1.4735718,1.5404247,111.64071410497209
206,Y,H,117.39287506149803,124.22797957935735,1.4639426,1.5419536,1.3385383,-35.370359040203326,177.56537203039258,-67.52044861497585,1.4639426,1.5419536,114.16191843430937
207,E,H,118.62805563841172,123.07432195683008,1.4637771,1.5271552,1.3330258,-28.586873099753987,172.52932941399663,-74.32849962749012,1.4637771,1.5271552,111.4726618373297
208,L,H,117.84626547010203,123.69084315285806,1.4674987,1.5331267,1.3369486,-45.009257738797075,177.1080849756323,-63.48812896690173,1.4674987,1.5331267,111.76507712129653
209,D,H,117.86063723163224,123.53994842172419,1.4692017,1.5419824,1.3334616,-46.068475730963236,173.7540062109959,-61.16942801271617,1.4692017,1.5419824,111.7864274499377
210,G,H,117.60291421200425,123.73011848644022,1.4609022,1.5325288,1.3360498,-27.528358383414492,174.49927282271437,-65.56238473955634,1.4609022,1.5325288,113.75150174136877
211,L,H,118.75341922341455,122.85590058532948,1.4690442,1.5319959,1.3398578,-27.646021531211634,172.8057026184547,-64.13610649493698,1.4690442,1.5319959,110.7117175668926
212,V,H,116.09508835871463,125.69066706677064,1.4678193,1.5323141,1.3324804,-41.96432215396398,-177.19270014059867,-65.91537461900359,1.4678193,1.5323141,111.74864627200245
213,A,H,117.52693879156372,123.84232257702155,1.463595,1.5406398,1.3375578,-38.64949068483943,-176.81809739761692,-70.86146479188494,1.463595,1.5406398,113.51470137992665
214,R,C,118.15577167759649,123.57794896279509,1.4739258,1.5307435,1.34012,-27.83312871776455,-174.58237366205765,-74.97722432138411,1.4739258,1.5307435,114.17321219385758
215,E,C,118.32917864102204,124.10719154037632,1.4667919,1.5431659,1.3273057,-8.705547552620532,174.85855098732608,-72.80735018980549,1.4667919,1.5431659,113.09384324077323
216,M,C,118.33785138903913,122.29951010425947,1.4720496,1.5356646,1.3394245,-30.29330711315232,-164.73071859802505,-80.33792333487402,1.4720496,1.5356646,114.86933276082843
217,N,C,118.82632041464511,122.76631036948851,1.4705077,1.5437648,1.3359035,-16.599574466076202,-168.29551197163823,-93.9956703136752,1.4705077,1.5437648,114.48374799089625
218,G,C,118.32382908138746,124.10934962253921,1.4704561,1.5342612,1.3364357,19.093460050849227,158.07412039359892,75.1708607803908,1.4704561,1.5342612,118.71431281135537
219,H,C,120.92899021540903,121.05175857778259,1.4772749,1.5289977,1.3381139,-9.587478301930329,-176.8802043219131,-126.76633356718374,1.4772749,1.5289977,116.30560246461128
220,K,C,119.52433361954559,123.06759257294766,1.4701383,1.525937,1.3353623,-21.703537092124677,-172.9685280830385,-145.2108318071905,1.4701383,1.525937,110.28821584967015
221,M,C,115.79450470703483,124.6358519310162,1.4639375,1.5306742,1.3321793,90.65614112021348,-170.4173093368596,-90.46592929117045,1.4639375,1.5306742,111.06344652029136
222,I,E,116.2212526845178,123.1427976652246,1.4627379,1.5260646,1.3352662,134.13238113780372,166.35078464932693,-98.00511844577906,1.4627379,1.5260646,108.18469621205512
223,L,E,116.69516353002041,125.22390276037913,1.4600204,1.5349666,1.3310947,117.2494487497949,-179.8878322843018,-99.7400641797378,1.4600204,1.5349666,109.29500621870852
224,P,E,120.22894932742517,121.59980878165615,1.4589272,1.5369303,1.3415849,103.33614612977442,179.12742187340123,-70.32740723588694,1.4589272,1.5369303,111.62064029907273
225,I,E,116.21728864704504,124.85707096343185,1.4678001,1.5248194,1.3356631,141.60407581384143,170.7061323734929,-119.04830942227683,1.4678001,1.5248194,108.19765208231723
226,W,E,117.9201175942039,123.2043356763509,1.4598085,1.5258107,1.325972,123.16058979542785,172.5229788309378,-84.58106121111747,1.4598085,1.5258107,109.05602579185789
227,H,E,117.06506247489753,123.68568775407103,1.4598011,1.5291312,1.3339763,118.34534875064392,-179.73841399282804,-120.49887489094105,1.4598011,1.5291312,111.74906647205749
228,K,C,117.47622734796073,123.94680004952293,1.4828901,1.5386382,1.3418537,116.3447195699868,178.18648540815775,47.93227236920316,1.4828901,1.5386382,112.85202696779808
229,I,C,115.83473666172954,124.25498327481523,1.4581162,1.5291431,1.3279291,45.315745943823806,-177.71291835856107,-138.36543700816756,1.4581162,1.5291431,110.43897378006591
230,T,C,117.34170303399384,123.38976437807965,1.4648501,1.5278838,1.331113,147.18128182799177,176.8738089866182,-96.78138261031266,1.4648501,1.5278838,111.65950602301376
231,K,H,117.25518895074153,121.71426794924679,1.4734211,1.5358992,1.3408091,159.8346216069461,174.48053754376616,-56.63109140709562,1.4734211,1.5358992,112.14991558385695
232,N,H,118.31970523006585,122.66717856113604,1.4653311,1.5308831,1.336092,-35.111669530065306,178.1958056344965,-65.11208133417219,1.4653311,1.5308831,111.36828477698471
233,D,H,117.64599317609432,122.01008522318337,1.4656972,1.535456,1.3354783,-43.78704537375906,176.46917112625573,-60.59788273942016,1.4656972,1.535456,111.59470606450499
234,V,H,119.49346736173364,122.11841504910039,1.474501,1.5343628,1.339388,-32.02500400446086,175.1473254395599,-77.57775940199824,1.474501,1.5343628,111.32365299070241
235,L,H,118.46842526874192,124.51086885473553,1.4724396,1.5309898,1.3401283,-41.68170417616774,178.77800619479265,-58.742484974420655,1.4724396,1.5309898,112.44057658725339
236,D,C,117.39471381549616,123.45731031440079,1.4652219,1.5409402,1.3331095,-38.383437319584104,-178.3564515964791,-63.57932341378315,1.4652219,1.5409402,112.54863180569852
237,Y,C,118.09746953049049,123.7694448744058,1.4678446,1.5327353,1.3387028,-24.536258770344148,-178.1388047826947,-108.78991954140909,1.4678446,1.5327353,112.55168775811806
238,S,C,118.41932560221049,123.33005160245953,1.4647125,1.5325181,1.3359106,-45.116218586540434,175.53699193011664,-144.65911853622524,1.4647125,1.5325181,110.99836096872957
239,P,H,117.49107711877245,122.37804890128974,1.4567189,1.5344112,1.3468875,102.08993961718757,171.5093050918618,-56.42302747751627,1.4567189,1.5344112,113.55212108107386
240,N,H,117.7532381780807,123.00217381694074,1.4652689,1.5328927,1.3380011,-35.08660303846214,178.80879859921785,-65.9209587895357,1.4652689,1.5328927,112.31235724393332
241,L,H,117.60349270903038,123.29477323137836,1.4585329,1.5350385,1.3346322,-36.27203925871829,177.2860366103679,-73.29789664826501,1.4585329,1.5350385,111.52753353929293
242,A,H,117.52578440291818,124.2297024653488,1.4626637,1.5390058,1.3374102,-34.65592986584172,-178.91353566769652,-68.56492604262681,1.4626637,1.5390058,114.46125756854839
243,D,C,117.75050229052022,123.7029622871877,1.4671279,1.5387032,1.3320744,-24.978719148296204,179.24115964989198,-94.174641260615,1.4671279,1.5387032,113.55384743099773
244,K,C,118.57363385917323,123.22506636242426,1.4679514,1.5249616,1.3404286,0.6491025077266273,176.5407337126765,-90.05604703625073,1.4679514,1.5249616,113.12529173843068
245,V,C,114.89885510137461,123.47222625074798,1.4648019,1.5264031,1.3348918,149.03733491615392,171.81407864829671,-69.29469577433747,1.4648019,1.5264031,108.3987109619801
246,A,C,115.77668963015837,125.28592411216377,1.4523362,1.5288745,1.325329,122.87184095764384,177.84691790169276,-134.47190829973945,1.4523362,1.5288745,108.59865171504676
247,L,E,116.9659274270915,121.32401109091948,1.4631865,1.5285225,1.3319948,150.00994448155143,166.70100269296586,-65.87151740509178,1.4631865,1.5285225,108.1958277245713
248,N,E,118.66658722641408,121.10870891374448,1.4599323,1.5307715,1.330402,143.96568196657694,-171.91664732257033,-138.09080092633454,1.4599323,1.5307715,111.62006281857785
249,T,C,116.41871529483139,123.25313055245859,1.471192,1.5301183,1.3341937,121.43057978037622,-176.59389915957422,-71.7447207013937,1.471192,1.5301183,113.87222036605795
250,S,C,119.04770543283419,123.46117029954472,1.4682086,1.5269223,1.3358291,-8.604316355596389,173.22076236621774,-79.62355370235626,1.4682086,1.5269223,112.94696153334309
251,V,C,118.05622328860406,123.93398824863527,1.4718477,1.5225514,1.3367778,-20.166123641483043,-179.0835918192057,-120.666393731401,1.4718477,1.5225514,112.92604792478303
252,N,C,118.32546928993081,123.69154517498167,1.4543982,1.5254474,1.3363358,-21.501618111480578,178.64268615225322,-117.61255102590674,1.4543982,1.5254474,112.62519768945374
253,S,C,116.22849437529547,122.17127822297942,1.465609,1.5327476,1.3342462,141.08197711520518,171.0742480605317,-72.10394507453589,1.465609,1.5327476,111.39910226275953
254,I,H,117.16518877670649,122.50914221243843,1.4721462,1.5304416,1.3365605,166.52622950798425,176.13863562373635,-59.52679077848188,1.4721462,1.5304416,110.11827153140841
255,E,H,117.4052884373429,123.92049661602775,1.4577621,1.5289935,1.3307458,-41.271886277099505,177.1024952036122,-62.54287308578566,1.4577621,1.5289935,111.16445652877411
256,E,H,118.96183747985079,122.56233230502774,1.4692293,1.5334436,1.334372,-46.39542878624812,178.4603114498508,-63.777631754426324,1.4692293,1.5334436,112.38353506799722
257,I,H,117.66229533565686,123.56462811186681,1.4691613,1.5292215,1.3364553,-38.866380344064865,174.6893163903341,-65.04732332589039,1.4691613,1.5292215,109.9858792790471
258,A,H,118.03421922249771,123.26529435231633,1.4572775,1.534517,1.334617,-45.00963031879205,178.9100212246094,-61.25741794255274,1.4572775,1.534517,111.89974329041685
259,H,H,118.7231951394161,122.49826735727243,1.4665918,1.5310243,1.3382093,-43.07251742222844,176.04541318890034,-63.919175464268505,1.4665918,1.5310243,111.46021441673265
260,Q,H,118.83288478128085,121.90172495075095,1.4694134,1.533821,1.3375124,-47.163961277448095,178.3008148871801,-60.49029940718624,1.4694134,1.533821,112.73008663122297
261,L,H,117.81036543480492,122.1785741663606,1.46162,1.5334706,1.3350172,-39.74753803109087,173.46835222231,-66.39316068412363,1.46162,1.5334706,111.13824963985995
262,A,H,118.30870092408604,123.36299437284207,1.4583938,1.5361487,1.3343885,-46.27336794768999,-179.25464939947136,-61.9919059091648,1.4583938,1.5361487,112.46148715880537
263,D,H,118.9943169531615,124.1706048122583,1.4696828,1.5396888,1.3346189,-39.36968925716108,176.55100562379153,-59.49523702703682,1.4696828,1.5396888,110.7365275658878
264,V,H,117.1315518117592,123.48750038765861,1.4749967,1.5316254,1.3412108,-45.29390020780691,177.29592317718013,-67.75321243261942,1.4749967,1.5316254,112.09122874135709
265,I,H,118.01206664630168,123.61677214130147,1.4708824,1.5324293,1.3341615,-41.20873931378606,-172.6958575196685,-78.71437233522485,1.4708824,1.5324293,111.84014426053601
266,L,H,117.30491524641602,124.20774457494497,1.4630561,1.5358812,1.3324519,-43.32033920081416,-176.37789803018222,-88.77772136451378,1.4630561,1.5358812,112.54788071514923
267,N,C,118.46787524215479,125.65846651371409,1.4680624,1.53983,1.3424199,-2.6890009951841884,-173.15780967731806,50.35298590017202,1.4680624,1.53983,112.06681630720318
268,R,C,116.9578779932364,123.97097059897317,1.471143,1.5197036,1.3353366,48.76104586663129,179.79569190216236,-108.59665927760224,1.471143,1.5197036,112.0337949143985
